City_ID,City,Country,Lat,Lng,Max Temp,Humidity,Cloudiness,Wind Speed,Current Description
0,Luderitz,NA,-26.6481,15.1594,65.12,62,0,21.43,clear sky
1,Rikitea,PF,-23.1203,-134.9692,75.99,54,99,15.86,overcast clouds
2,Barrow,US,71.2906,-156.7887,-11.18,77,0,19.57,clear sky
3,Longyearbyen,SJ,78.2186,15.6401,1.24,60,20,8.05,few clouds
4,Melfort,CA,52.8667,-104.6177,26.73,80,100,17.69,overcast clouds
5,Grindavik,IS,63.8424,-22.4338,46.35,81,40,12.66,scattered clouds
6,Kosa,RU,59.9445,54.9977,9.63,97,47,1.03,scattered clouds
7,Busselton,AU,-33.65,115.3333,69.57,82,100,6.96,overcast clouds
8,Leningradskiy,RU,69.3833,178.4167,-0.33,96,100,5.79,overcast clouds
9,Sao Joao Da Barra,BR,-21.6403,-41.0511,80.69,75,57,9.93,broken clouds
10,Ambulu,ID,-8.345,113.6058,76.1,90,98,2.73,overcast clouds
11,Tucumcari,US,35.1717,-103.725,69.64,26,40,27.63,scattered clouds
12,Punta Arenas,CL,-53.15,-70.9167,48.31,61,75,23.02,broken clouds
13,Gidam,IN,18.9833,81.4,77.85,53,5,3.22,clear sky
14,Saskylakh,RU,71.9167,114.0833,0.99,98,97,5.97,overcast clouds
15,New Norfolk,AU,-42.7826,147.0587,53.92,73,100,1.01,overcast clouds
16,Clyde River,CA,70.4692,-68.5914,12.43,85,100,2.3,overcast clouds
17,Albany,US,42.6001,-73.9662,48.02,71,96,1.01,light rain
18,East London,ZA,-33.0153,27.9116,63.54,100,100,3.44,light rain
19,Ostrovnoy,RU,68.0531,39.5131,10.6,95,87,10.07,overcast clouds
20,Lompoc,US,34.6391,-120.4579,69.01,76,20,4.0,few clouds
21,Ushuaia,AR,-54.8,-68.3,46.02,81,75,19.57,broken clouds
22,Goedereede,NL,51.8175,3.9806,41.0,58,100,11.01,overcast clouds
23,Cherskiy,RU,68.75,161.3,-31.02,100,100,3.76,overcast clouds
24,Riyadh,SA,24.6877,46.7219,82.54,12,0,6.91,clear sky
25,Carnarvon,AU,-24.8667,113.6333,75.27,94,9,8.05,clear sky
26,Freeport,US,40.6576,-73.5832,58.96,44,75,23.02,broken clouds
27,Chumikan,RU,54.7183,135.315,11.77,88,94,12.3,overcast clouds
28,Anadyr,RU,64.75,177.4833,28.9,74,40,8.95,light snow
29,Vao,NC,-22.6667,167.4833,79.21,88,15,15.61,few clouds
30,Atuona,PF,-9.8,-139.0333,78.53,76,12,7.67,few clouds
31,Qaanaaq,GL,77.484,-69.3632,18.64,94,100,4.99,overcast clouds
32,Gondanglegi,ID,-7.7479,112.0132,75.34,89,100,4.61,overcast clouds
33,Saint-Joseph,RE,-21.3667,55.6167,71.98,90,100,18.39,moderate rain
34,Asosa,ET,10.0667,34.5333,78.98,29,62,0.76,broken clouds
35,Lagoa,PT,39.05,-27.9833,58.98,86,100,16.17,overcast clouds
36,Turan,VN,16.0678,108.2208,69.78,94,100,8.05,overcast clouds
37,Hobart,AU,-42.8794,147.3294,54.27,91,100,10.36,light intensity drizzle
38,Agbor,NG,6.2518,6.1934,78.98,82,100,6.31,overcast clouds
39,Ponta Do Sol,PT,32.6667,-17.1,66.0,81,100,2.15,overcast clouds
40,Ust-Kut,RU,56.7938,105.7672,37.67,86,100,15.43,overcast clouds
41,Bluff,NZ,-46.6,168.3333,53.02,77,62,13.4,broken clouds
42,Gat,IL,31.61,34.7642,76.41,46,100,1.97,overcast clouds
43,Salalah,OM,17.0151,54.0924,80.69,69,0,2.3,clear sky
44,Khatanga,RU,71.9667,102.5,-0.71,98,97,3.67,overcast clouds
45,Mundo Nuevo,MX,18.7,-95.5,79.9,74,37,12.3,scattered clouds
46,Jamestown,US,42.097,-79.2353,34.52,71,100,21.85,mist
47,Manggar,ID,-2.8833,108.2667,80.11,79,100,2.13,overcast clouds
48,Saint-Augustin,CA,51.226,-58.6502,32.86,99,100,15.26,overcast clouds
49,Hilo,US,19.7297,-155.09,78.53,73,0,6.91,clear sky
50,Alofi,NU,-19.0595,-169.9187,73.29,100,100,1.14,overcast clouds
51,Burns Lake,CA,54.2331,-125.7533,31.42,70,99,7.83,overcast clouds
52,Front Royal,US,38.9182,-78.1944,55.35,53,100,3.0,overcast clouds
53,San Clemente,US,33.427,-117.612,70.27,77,0,4.0,clear sky
54,Arraial Do Cabo,BR,-22.9661,-42.0278,78.76,88,75,11.5,broken clouds
55,Porangatu,BR,-13.4408,-49.1486,85.91,58,6,3.83,clear sky
56,Bonavista,CA,48.6499,-53.1147,33.64,83,100,10.74,overcast clouds
57,Kyzyl-Suu,KG,42.3414,78.0056,40.91,53,8,9.48,clear sky
58,Husavik,IS,66.0449,-17.3389,37.38,84,89,6.6,overcast clouds
59,Dikson,RU,73.5069,80.5464,-4.31,97,71,8.21,broken clouds
60,Puerto Ayora,EC,-0.7393,-90.3518,84.16,90,31,5.99,scattered clouds
61,Hovd,MN,48.0056,91.6419,33.85,29,100,1.61,overcast clouds
62,Cape Town,ZA,-33.9258,18.4232,64.11,82,20,24.16,few clouds
63,Kosh-Agach,RU,50.0,88.6667,18.3,61,100,3.42,overcast clouds
64,Muli,MV,2.9167,73.5667,83.66,69,85,6.22,overcast clouds
65,Urucara,BR,-2.5364,-57.76,86.09,68,84,2.77,broken clouds
66,Rantoul,US,40.3084,-88.1559,42.04,65,100,9.22,overcast clouds
67,Port Elizabeth,ZA,-33.918,25.5701,65.1,79,0,12.66,clear sky
68,Road Town,VG,18.4167,-64.6167,82.49,65,40,14.97,scattered clouds
69,Mar Del Plata,AR,-38.0023,-57.5575,68.02,60,0,11.99,clear sky
70,Norman Wells,CA,65.282,-126.8329,-16.56,58,0,5.75,clear sky
71,Torbay,CA,47.6666,-52.7314,41.29,76,75,13.8,broken clouds
72,San Lawrenz,MT,36.0553,14.204,58.86,75,5,8.68,clear sky
73,Mataura,NZ,-46.1927,168.8643,39.36,99,35,1.97,scattered clouds
74,Enterprise,US,36.0252,-115.2419,75.24,23,20,6.91,few clouds
75,Pinar Del Rio,CU,22.4175,-83.6981,89.96,48,0,14.97,clear sky
76,Nikolskoye,RU,59.7035,30.7861,30.09,94,62,3.15,broken clouds
77,Tarakan,ID,3.3,117.6333,79.66,79,12,1.32,light rain
78,Birin,NP,26.8865,88.0718,62.42,80,63,3.6,broken clouds
79,Bardiyah,LY,31.7561,25.0865,66.07,56,65,18.88,broken clouds
80,Hanting,CN,36.7708,119.2108,43.12,41,100,6.69,overcast clouds
81,Ginda,IN,30.6945,78.4932,58.28,23,0,6.8,clear sky
82,Ingham,US,42.6,-84.3833,35.55,67,100,14.97,overcast clouds
83,Thompson,CA,55.7435,-97.8558,19.56,73,100,9.22,overcast clouds
84,Klaksvik,FO,62.2266,-6.589,36.52,81,99,19.53,overcast clouds
85,Santa Maria Da Vitoria,BR,-13.3947,-44.1886,95.31,24,17,4.76,few clouds
86,Severo-Kurilsk,RU,50.6789,156.125,26.64,67,99,25.12,overcast clouds
87,Phan Thiet,VN,10.9333,108.1,76.91,85,100,7.18,overcast clouds
88,Gerash,IR,27.6652,54.1371,71.74,13,0,6.24,clear sky
89,Phuthaditjhaba,ZA,-28.5242,28.8158,56.57,72,5,3.83,clear sky
90,Tura,IN,25.5198,90.2201,70.59,88,59,4.81,broken clouds
91,Pevek,RU,69.7008,170.3133,-16.51,100,100,6.13,overcast clouds
92,Plettenberg Bay,ZA,-34.0527,23.3716,62.4,73,51,3.89,broken clouds
93,Baracoa,CU,20.3467,-74.4958,82.24,67,28,7.94,scattered clouds
94,Penco,CL,-36.7333,-72.9833,67.01,56,2,7.7,clear sky
95,Chiredzi,ZW,-21.05,31.6667,73.38,65,0,6.42,clear sky
96,Haines Junction,CA,60.7522,-137.5108,24.75,58,100,4.61,overcast clouds
97,Hithadhoo,MV,-0.6,73.0833,83.16,71,13,7.4,few clouds
98,Miri,MY,4.4148,114.0089,75.34,88,40,5.75,scattered clouds
99,Krasnoselkup,RU,65.7,82.4667,6.42,97,94,9.19,overcast clouds
100,Korla,CN,41.7597,86.1469,51.42,37,0,2.64,clear sky
101,Rock Sound,BS,24.9,-76.2,77.22,83,2,12.8,clear sky
102,Chicama,PE,-7.8447,-79.1469,68.54,59,62,11.1,broken clouds
103,Vaini,TO,-21.2,-175.2,73.56,100,40,3.44,scattered clouds
104,Awjilah,LY,29.1081,21.2869,74.48,20,100,17.38,overcast clouds
105,Tuktoyaktuk,CA,69.4541,-133.0374,-22.0,69,0,6.91,clear sky
106,Codrington,AU,-38.2667,141.9667,55.53,73,100,9.31,overcast clouds
107,Port Alfred,ZA,-33.5906,26.891,62.19,96,100,3.0,overcast clouds
108,Iqaluit,CA,63.7506,-68.5145,24.53,92,100,4.61,overcast clouds
109,Chulman,RU,56.8479,124.9104,15.26,94,100,4.36,overcast clouds
110,Vila Velha,BR,-20.3297,-40.2925,84.15,82,20,12.66,few clouds
111,Shiyan,CN,32.6475,110.7781,53.15,62,100,4.21,overcast clouds
112,Saravan,AM,39.7196,45.6483,38.88,55,89,6.73,overcast clouds
113,Bilibino,RU,68.0546,166.4372,-7.83,83,100,2.08,overcast clouds
114,Hermanus,ZA,-34.4187,19.2345,63.81,79,7,13.76,clear sky
115,Saldanha,ZA,-33.0117,17.9442,64.45,80,0,26.78,clear sky
116,Avera,US,33.194,-82.5271,71.11,32,41,13.27,scattered clouds
117,Atambua,ID,-9.1061,124.8925,71.08,87,6,3.83,clear sky
118,Kapaa,US,22.0752,-159.319,76.19,76,40,16.11,scattered clouds
119,Magadi,IN,12.9667,77.2333,84.4,43,5,5.44,clear sky
120,Beyneu,KZ,45.3167,55.2,56.48,45,27,4.85,scattered clouds
121,Bredasdorp,ZA,-34.5322,20.0403,64.36,71,93,12.86,light rain
122,Los Llanos De Aridane,ES,28.6585,-17.9182,62.35,80,75,5.75,broken clouds
123,Rocha,UY,-34.4833,-54.3333,63.73,55,38,7.63,scattered clouds
124,Viedma,AR,-40.8135,-62.9967,73.31,16,100,18.72,overcast clouds
125,Okhotsk,RU,59.3833,143.3,4.21,77,73,15.17,broken clouds
126,Stromness,GB,58.965,-3.296,40.96,75,34,5.99,scattered clouds
127,Stornoway,GB,58.2093,-6.3865,42.76,83,20,17.27,few clouds
128,Bubaque,GW,11.2833,-15.8333,75.2,73,3,18.43,clear sky
129,Seoul,KR,37.5683,126.9778,38.64,93,0,0.0,clear sky
130,Touros,BR,-5.1989,-35.4608,81.46,76,100,10.94,overcast clouds
131,College,US,64.8569,-147.8028,17.8,35,0,12.66,clear sky
132,Bilma,NE,18.6853,12.9164,84.78,4,0,5.44,clear sky
133,Saint George,US,37.1041,-113.5841,72.63,30,0,4.0,clear sky
134,Katangli,RU,51.7102,143.2326,6.01,90,21,8.93,few clouds
135,Rawson,AR,-43.3002,-65.1023,78.8,15,36,18.97,scattered clouds
136,Tezu,IN,27.9167,96.1667,67.78,87,100,2.1,overcast clouds
137,Astoria,US,46.1879,-123.8313,50.43,72,100,4.61,overcast clouds
138,Yulara,AU,-25.2406,130.9889,64.24,29,100,5.75,overcast clouds
139,Pacifica,US,37.6138,-122.4869,72.41,78,0,7.0,clear sky
140,Beaune,FR,47.0833,4.75,34.63,84,100,8.1,light snow
141,Tasiilaq,GL,65.6145,-37.6368,35.76,90,100,4.45,overcast clouds
142,Duldurga,RU,50.6761,113.5931,27.61,82,100,4.52,overcast clouds
143,Isangel,VU,-19.55,169.2667,77.11,94,100,2.3,overcast clouds
144,Nouadhibou,MR,20.931,-17.0347,69.78,64,0,17.27,clear sky
145,Kodiak,US,57.79,-152.4072,36.91,100,100,5.75,light rain
146,Axim,GH,4.8699,-2.2405,81.93,82,100,9.13,overcast clouds
147,Airai,TL,-8.9266,125.4092,56.98,82,49,1.99,scattered clouds
148,Verkhovazhye,RU,60.7472,42.0465,11.23,95,41,0.65,scattered clouds
149,Nikki,BJ,9.9401,3.2108,93.99,20,65,5.55,broken clouds
150,Devils Lake,US,48.1128,-98.8651,50.11,43,0,19.57,clear sky
151,Lata,PT,40.1629,-8.3327,47.41,65,0,3.51,clear sky
152,Condado,CU,21.8767,-79.8403,88.68,51,13,10.0,few clouds
153,Kuito,AO,-12.3833,16.9333,62.28,92,100,2.44,moderate rain
154,Yellowknife,CA,62.456,-114.3525,-4.59,64,20,11.5,few clouds
155,Malanje,AO,-9.5402,16.341,65.77,96,50,4.03,scattered clouds
156,Lebu,CL,-37.6167,-73.65,60.3,77,0,16.2,clear sky
157,Timmins,CA,48.4669,-81.3331,26.42,54,20,13.8,few clouds
158,Bambous Virieux,MU,-20.3428,57.7575,77.25,94,75,12.66,moderate rain
159,Kaitangata,NZ,-46.2817,169.8464,42.96,92,64,6.98,broken clouds
160,Tamworth,GB,52.634,-1.6959,41.36,82,35,1.01,scattered clouds
161,Yar-Sale,RU,66.8333,70.8333,7.9,94,65,10.56,broken clouds
162,Christchurch,NZ,-43.5333,172.6333,53.94,90,26,3.44,scattered clouds
163,Butaritari,KI,3.0707,172.7902,82.22,76,100,20.11,light rain
164,Guanay,BO,-15.4975,-67.8797,65.16,97,100,1.95,overcast clouds
165,Vestmanna,FO,62.1564,-7.1664,34.72,80,100,13.8,overcast clouds
166,Huarmey,PE,-10.0681,-78.1522,75.02,73,88,11.14,overcast clouds
167,Bandarbeyla,SO,9.4942,50.8122,80.31,76,6,10.16,clear sky
168,Bonaventure,CA,48.0457,-65.4926,36.18,87,100,5.75,overcast clouds
169,Shenzhen,CN,22.5455,114.0683,61.21,93,100,13.44,overcast clouds
170,Nioro,GM,13.35,-15.75,91.65,22,5,14.83,clear sky
171,Charagua,BO,-19.8,-63.2167,72.97,31,7,7.74,clear sky
172,Coquimbo,CL,-29.9533,-71.3436,65.55,69,0,6.4,clear sky
173,Arlit,NE,18.7369,7.3853,89.04,3,99,6.96,overcast clouds
174,Bonthe,SL,7.5264,-12.505,80.67,81,100,11.07,overcast clouds
175,Kavieng,PG,-2.5744,150.7967,81.66,75,100,8.34,moderate rain
176,Truth Or Consequences,US,33.1284,-107.2528,71.91,22,0,13.8,clear sky
177,Sitka,US,57.0531,-135.33,40.89,87,100,0.0,mist
178,Narsaq,GL,60.9167,-46.05,52.02,57,65,9.73,broken clouds
179,Samarai,PG,-10.6167,150.6667,79.88,80,100,11.59,moderate rain
180,Avarua,CK,-21.2078,-159.775,75.25,100,69,2.3,broken clouds
181,Aguada De Pasajeros,CU,22.385,-80.8508,91.2,44,1,12.53,moderate rain
182,Tuatapere,NZ,-46.1333,167.6833,44.33,91,17,3.58,few clouds
183,Lavrentiya,RU,65.5833,-171.0,16.92,88,100,10.45,overcast clouds
184,Roshni-Chu,RU,43.0895,45.4544,47.7,53,100,5.61,overcast clouds
185,Yacuiba,BO,-22.038,-63.6797,74.17,38,2,0.0,clear sky
186,Castro,BR,-24.7911,-50.0119,56.32,97,100,5.03,overcast clouds
187,Halifax,CA,44.6453,-63.5724,53.49,99,100,31.07,light intensity drizzle
188,Georgetown,MY,5.4112,100.3354,80.53,93,20,3.44,few clouds
189,Najran,SA,17.4924,44.1277,72.25,16,0,3.53,clear sky
190,Jasper,US,37.2001,-94.3502,60.06,36,0,4.61,clear sky
191,Sao Filipe,CV,14.8961,-24.4956,72.34,78,8,9.17,clear sky
192,Vilhena,BR,-12.7406,-60.1458,68.22,83,75,11.5,broken clouds
193,Elat,IL,29.5581,34.9482,84.04,12,0,5.75,clear sky
194,Hailar,CN,49.2,119.7,18.79,68,1,5.55,clear sky
195,Penzance,GB,50.1186,-5.5371,43.86,60,24,19.51,few clouds
196,Havoysund,NO,70.9963,24.6622,30.43,94,100,19.77,light snow
197,Slave Lake,CA,55.2834,-114.769,30.18,80,0,5.75,clear sky
198,Gazli,UZ,40.1333,63.45,61.21,25,34,7.11,scattered clouds
199,Dongsheng,CN,39.8161,109.9776,32.23,46,0,6.89,clear sky
200,Katsuura,JP,35.1333,140.3,44.22,61,64,8.19,broken clouds
201,Portland,US,45.5234,-122.6762,57.42,65,40,6.91,scattered clouds
202,Ostersund,SE,63.1792,14.6357,27.05,59,20,9.22,few clouds
203,Cabo San Lucas,MX,22.8909,-109.9124,83.61,33,20,8.05,few clouds
204,Cabadiangan,PH,9.7531,122.4739,77.54,86,93,6.91,overcast clouds
205,Muscat,OM,23.6139,58.5922,82.42,36,0,4.23,clear sky
206,Pailon,BO,-17.65,-62.75,74.3,38,95,10.13,overcast clouds
207,Buala,SB,-8.145,159.5921,76.62,91,100,5.64,moderate rain
208,Bethel,US,41.3712,-73.414,52.9,79,100,10.36,overcast clouds
209,Yatou,CN,37.15,122.3833,36.01,38,35,3.69,scattered clouds
210,Aitape,PG,-3.1374,142.3475,78.85,85,100,5.23,overcast clouds
211,Upernavik,GL,72.7868,-56.1549,12.52,93,100,7.87,overcast clouds
212,Russell,US,32.3502,-85.1999,70.88,38,0,9.22,clear sky
213,Komarno,SK,47.7636,18.1226,42.06,86,100,10.4,overcast clouds
214,Turukhansk,RU,65.8167,87.9833,14.74,96,100,6.87,light snow
215,Ayr,GB,55.4627,-4.6339,42.69,81,20,6.91,few clouds
216,Asau,RO,46.4333,26.4,52.72,79,100,6.11,overcast clouds
217,Morozovsk,RU,48.3539,41.8261,60.15,57,96,15.82,overcast clouds
218,Dingle,PH,10.9995,122.6711,76.33,86,90,10.0,overcast clouds
219,Ixtapa,MX,20.7,-105.2,85.73,36,61,9.35,broken clouds
220,Berlevag,NO,70.8578,29.0864,26.55,68,0,19.57,clear sky
221,Chuy,UY,-33.6971,-53.4616,63.28,58,80,8.14,broken clouds
222,Tiksi,RU,71.6872,128.8694,12.56,94,100,5.23,overcast clouds
223,Nanortalik,GL,60.1432,-45.2371,39.34,81,95,3.96,overcast clouds
224,Geraldton,AU,-28.7667,114.6,75.61,73,100,12.66,overcast clouds
225,Beroroha,MG,-21.6667,45.1667,76.32,63,34,4.5,scattered clouds
226,Rio Grande,BR,-32.035,-52.0986,71.71,53,7,9.82,clear sky
227,Luwingu,ZM,-10.2621,29.9271,61.7,92,82,2.39,broken clouds
228,Provideniya,RU,64.3833,-173.3,22.68,92,100,10.54,overcast clouds
229,Pasighat,IN,28.0667,95.3333,68.54,88,100,3.13,overcast clouds
230,Redcar,GB,54.6166,-1.06,41.34,65,100,3.0,overcast clouds
231,Montepuez,MZ,-13.1256,38.9997,68.83,98,41,2.91,scattered clouds
232,Gogrial,SS,8.5332,28.1004,93.04,16,6,3.11,clear sky
233,Fortuna,US,40.5982,-124.1573,56.93,75,0,14.97,clear sky
234,Saint-Philippe,RE,-21.3585,55.7679,72.99,91,100,19.93,moderate rain
235,Porto Torres,IT,40.835,8.3972,50.18,51,87,25.08,overcast clouds
236,Nome,US,64.5011,-165.4064,24.87,63,0,10.36,clear sky
237,Sechura,PE,-5.5569,-80.8222,82.99,57,82,10.47,broken clouds
238,Namibe,AO,-15.1961,12.1522,70.93,82,35,4.68,scattered clouds
239,Tarauaca,BR,-8.1614,-70.7656,64.9,99,100,4.74,overcast clouds
240,Kuala Lipis,MY,4.1842,102.0468,73.17,99,81,1.45,broken clouds
241,Cap Malheureux,MU,-19.9842,57.6142,75.47,90,100,5.99,light rain
242,Nanfeng,CN,23.7434,111.7959,55.42,92,100,2.64,overcast clouds
243,Rundu,NA,-17.9333,19.7667,69.84,74,81,4.83,broken clouds
244,Sioux Lookout,CA,50.1001,-91.917,39.27,41,75,10.36,broken clouds
245,Floriano,BR,-6.7669,-43.0225,83.98,69,100,1.7,overcast clouds
246,Victoria,HK,22.2855,114.1577,62.33,79,100,8.01,overcast clouds
247,Acarau,BR,-2.8856,-40.12,80.89,82,76,9.73,light rain
248,Chongwe,ZM,-15.3292,28.682,63.77,95,0,3.33,clear sky
249,Pontes E Lacerda,BR,-15.2261,-59.3353,66.78,76,100,5.57,overcast clouds
250,San Cristobal,VE,7.7669,-72.225,80.78,37,95,7.49,overcast clouds
251,Buchanan,LR,5.8808,-10.0467,81.75,81,89,8.63,overcast clouds
252,Kuching,MY,1.55,110.3333,77.22,94,20,3.44,few clouds
253,Uzice,RS,43.8586,19.8488,48.47,73,99,3.02,overcast clouds
254,Koratla,IN,18.8167,78.7167,88.45,25,4,5.5,clear sky
255,Cayenne,GF,4.9333,-52.3333,78.1,1,75,3.44,moderate rain
256,Killam,CA,52.7834,-111.8518,33.75,86,98,8.05,overcast clouds
257,Caravelas,BR,-17.7125,-39.2481,82.45,66,0,8.1,clear sky
258,Constantine,DZ,36.365,6.6147,47.61,76,75,6.91,broken clouds
259,Broome,US,42.2506,-75.833,43.7,71,75,11.01,light rain
260,Bhainsdehi,IN,21.6467,77.6325,82.78,14,0,4.29,clear sky
261,Auki,SB,-8.7676,160.7034,75.99,90,100,2.95,overcast clouds
262,Moroni,KM,-11.7022,43.2551,79.38,80,9,2.06,light rain
263,Merauke,ID,-8.4667,140.3333,78.91,75,100,3.65,overcast clouds
264,Begunitsy,RU,59.5855,29.3176,21.18,91,46,3.38,scattered clouds
265,Sembe,CG,1.6481,14.5806,72.66,94,100,2.19,moderate rain
266,Port-Cartier,CA,50.0334,-66.8654,32.76,97,100,15.17,overcast clouds
267,Chapais,CA,49.7834,-74.8492,20.98,87,100,12.48,light snow
268,Cockburn Town,TC,21.4612,-71.1419,82.36,61,40,17.27,scattered clouds
269,Zhaozhou,CN,45.6833,125.3167,31.66,41,15,6.87,few clouds
270,Esmeraldas,BR,-19.7625,-44.3139,87.91,58,97,3.33,overcast clouds
271,Punta Gorda,US,26.9298,-82.0454,82.0,78,40,17.27,scattered clouds
272,Sungaipenuh,ID,-2.0833,101.3833,63.16,89,56,1.77,broken clouds
273,Mahebourg,MU,-20.4081,57.7,77.29,94,75,12.66,broken clouds
274,Kudat,MY,6.8837,116.8477,77.29,100,20,1.14,few clouds
275,Port Lincoln,AU,-34.7333,135.8667,61.02,77,0,16.8,clear sky
276,Batagay,RU,67.6333,134.6333,-10.86,98,35,4.43,scattered clouds
277,Kruisfontein,ZA,-34.0033,24.7314,62.89,83,4,4.07,clear sky
278,San Policarpo,PH,12.1791,125.5072,79.83,79,100,15.08,overcast clouds
279,Vanavara,RU,60.34,102.2797,14.0,95,97,5.37,overcast clouds
280,Qaqortoq,GL,60.7167,-46.0333,43.92,68,17,5.84,few clouds
281,Moerai,PF,-22.4333,-151.3333,80.42,67,21,17.02,few clouds
282,Yankton,US,42.8711,-97.3973,55.11,40,0,8.05,clear sky
283,Tomatlan,MX,19.9333,-105.25,84.54,38,31,10.2,scattered clouds
284,Aykhal,RU,66.0,111.5,0.14,98,69,11.97,broken clouds
285,Homer,US,59.6425,-151.5483,39.09,78,100,15.99,light rain
286,Strezhevoy,RU,60.7333,77.5889,14.38,95,100,2.06,overcast clouds
287,Mnogovershinnyy,RU,53.9353,139.9242,2.7,89,32,3.06,scattered clouds
288,Muscle Shoals,US,34.7448,-87.6675,60.12,45,0,5.75,clear sky
289,Jardim,BR,-21.4803,-56.1381,60.4,77,99,5.19,overcast clouds
290,Tabou,CI,4.423,-7.3528,81.03,85,64,8.43,light rain
291,Ilhabela,BR,-23.7781,-45.3581,71.89,90,100,6.96,overcast clouds
292,Odweyne,SO,9.4092,45.064,76.87,51,2,12.06,clear sky
293,Lugoba,TZ,-6.45,38.3333,71.19,95,95,2.68,light rain
294,Manavalakurichi,IN,8.1333,77.3,80.65,81,17,5.79,few clouds
295,Tadine,NC,-21.55,167.8833,79.68,88,95,14.38,overcast clouds
296,Emerald,AU,-23.5333,148.1667,69.94,94,0,5.75,clear sky
297,Ulladulla,AU,-35.35,150.4667,58.77,92,100,20.87,overcast clouds
298,Meulaboh,ID,4.1363,96.1285,79.59,79,100,0.29,overcast clouds
299,Kavaratti,IN,10.5669,72.642,82.81,76,5,7.74,clear sky
300,Faanui,PF,-16.4833,-151.75,81.79,73,100,5.32,light rain
301,Mayumba,GA,-3.432,10.6554,77.0,93,100,11.43,moderate rain
302,Mecca,SA,21.4267,39.8261,80.98,36,3,3.22,clear sky
303,Guerrero Negro,MX,27.9769,-114.0611,65.46,54,8,14.54,clear sky
304,Derzhavinsk,KZ,51.1,66.3167,27.01,86,64,10.09,broken clouds
305,Awassa,ET,7.05,38.4667,68.13,44,18,4.12,few clouds
306,Bulawayo,ZW,-20.15,28.5833,66.45,41,0,5.77,clear sky
307,Yurginskoye,RU,56.8189,67.3921,21.67,99,100,5.46,overcast clouds
308,Minuri,PH,16.535,121.8574,70.57,96,26,0.81,scattered clouds
309,Marzuq,YE,14.4,46.4667,70.41,40,0,5.59,clear sky
310,Marsh Harbour,BS,26.5412,-77.0636,79.21,75,41,16.06,scattered clouds
311,Kirkland Lake,CA,48.1446,-80.0377,28.69,46,100,11.86,overcast clouds
312,Esmeralda,CU,21.8525,-78.1169,92.28,38,0,10.0,clear sky
313,Lamu,KE,-2.2717,40.902,84.42,83,12,8.1,few clouds
314,Zwedru,LR,6.0667,-8.1281,77.83,87,86,5.57,moderate rain
315,Wolgast,DE,54.05,13.7667,35.85,65,96,21.34,overcast clouds
316,Luena,AO,-11.7833,19.9167,66.54,91,96,3.56,overcast clouds
317,Kirakira,SB,-10.4544,161.9205,78.01,90,100,17.16,moderate rain
318,Taoudenni,ML,22.6783,-3.9836,84.72,6,100,3.42,overcast clouds
319,Konakovo,RU,56.7,36.7667,27.36,89,100,9.4,overcast clouds
320,Baruun-Urt,MN,46.6806,113.2792,31.3,31,0,6.42,clear sky
321,Mehamn,NO,71.0357,27.8492,26.51,94,100,10.85,light snow
322,Sapa,PH,5.1544,120.3241,80.44,82,99,8.81,overcast clouds
323,Petropavlovsk-Kamchatskiy,RU,53.0452,158.6483,21.79,63,0,8.95,clear sky
324,Upington,ZA,-28.4478,21.2561,73.78,49,0,2.3,clear sky
325,Pyay,MM,18.8167,95.2167,79.56,69,38,3.62,scattered clouds
326,Kamphaeng Phet,TH,16.25,99.5,81.03,60,99,9.31,overcast clouds
327,Nuuk,GL,64.1835,-51.7216,34.41,75,75,10.36,broken clouds
328,Hoquiam,US,46.9809,-123.8893,49.44,78,100,10.36,overcast clouds
329,Aksarka,RU,66.5606,67.7975,8.85,90,73,10.74,broken clouds
330,Ancud,CL,-41.8697,-73.8203,65.23,78,8,8.16,clear sky
331,Dharmadam,IN,11.7833,75.4333,80.71,85,82,2.35,broken clouds
332,Tual,ID,-5.6667,132.75,82.22,70,20,3.44,few clouds
333,Grand Gaube,MU,-20.0064,57.6608,77.4,90,100,5.99,light rain
334,Linqing,CN,36.8456,115.7117,46.06,63,0,8.05,clear sky
335,Taree,AU,-31.9,152.4667,60.73,67,100,8.05,overcast clouds
336,Maneadero,MX,31.7167,-116.5667,64.53,54,0,7.0,clear sky
337,Biankouma,CI,7.7391,-7.6138,73.15,80,100,1.92,overcast clouds
338,Ust-Kuyga,RU,70.0167,135.6,-9.24,97,76,5.5,broken clouds
339,Guapore,BR,-28.8456,-51.8903,62.71,43,12,4.47,few clouds
340,Sorland,NO,67.667,12.6934,33.66,66,100,23.87,light snow
341,Puerto Escondido,MX,15.85,-97.0667,86.18,46,3,9.06,clear sky
342,Tucupita,VE,9.0622,-62.051,87.28,50,86,8.28,overcast clouds
343,Chenzhou,CN,25.8,113.0333,47.55,94,100,5.48,overcast clouds
344,Oum Hadjer,TD,13.2954,19.6966,91.69,8,7,8.79,clear sky
345,Coihaique,CL,-45.5752,-72.0662,64.35,39,0,8.05,clear sky
346,Vrede,ZA,-27.4257,29.1659,59.61,64,26,3.56,scattered clouds
347,Ribeira Grande,PT,38.5167,-28.7,61.2,82,75,17.27,broken clouds
348,Chokurdakh,RU,70.6333,147.9167,-26.19,100,26,3.56,scattered clouds
349,Talladega,US,33.4359,-86.1058,63.64,37,0,0.0,clear sky
350,Kattivakkam,IN,13.2167,80.3167,84.29,88,2,11.3,clear sky
351,Hasaki,JP,35.7333,140.8333,37.8,55,63,18.43,broken clouds
352,Khor,RU,47.8861,134.9464,14.45,94,10,6.73,clear sky
353,Lebanon,US,36.2081,-86.2911,54.16,50,0,5.75,clear sky
354,Pisco,PE,-13.7,-76.2167,72.01,68,0,6.91,clear sky
355,Mahanoro,MG,-19.9,48.8,72.73,85,1,6.2,clear sky
356,Lakes Entrance,AU,-37.8811,147.981,56.16,84,100,13.89,moderate rain
357,Cochrane,CA,51.1834,-114.4687,45.61,40,0,4.61,clear sky
358,Ilula,TZ,-7.6766,36.0366,66.74,98,30,4.23,scattered clouds
359,Maun,BW,-19.9833,23.4167,73.36,73,0,2.3,clear sky
360,Tshikapa,CD,-6.4167,20.8,73.8,89,100,1.95,light rain
361,Kiruna,SE,67.8557,20.2251,20.32,63,0,10.36,clear sky
362,Ampanihy,MG,-24.7,44.75,73.18,73,0,4.85,clear sky
363,Flinders,AU,-34.5833,150.8552,59.25,83,96,11.01,overcast clouds
364,Naze,JP,28.3667,129.4833,59.92,67,100,15.77,overcast clouds
365,Tutoia,BR,-2.7619,-42.2744,79.56,85,78,7.85,broken clouds
366,Lethem,GY,3.3803,-59.7968,95.97,31,72,11.25,broken clouds
367,Oktyabrskoye,RU,43.0645,44.7417,50.14,58,100,13.42,overcast clouds
368,Glossa,GR,35.4717,23.7763,64.06,57,0,10.31,clear sky
369,San Patricio,US,28.017,-97.5169,82.49,41,100,17.18,overcast clouds
370,Praia Da Vitoria,PT,38.7333,-27.0667,61.05,94,75,23.73,broken clouds
371,El Rosario,MX,24.2556,-107.1828,82.06,32,89,11.99,overcast clouds
372,Tonder,DK,54.9331,8.8667,39.24,58,100,4.0,overcast clouds
373,Rio Gallegos,AR,-51.6226,-69.2181,60.85,27,40,20.71,scattered clouds
374,Porto Belo,BR,-27.1578,-48.5531,66.25,81,100,10.29,overcast clouds
375,Cidreira,BR,-30.1811,-50.2056,66.87,56,20,8.19,few clouds
376,Tres Arroyos,AR,-38.3739,-60.2798,66.79,31,100,12.24,overcast clouds
377,Bay Roberts,CA,47.5999,-53.2648,41.05,71,100,3.0,light rain
378,Bengkulu,ID,-3.8004,102.2655,76.5,84,14,4.45,few clouds
379,Karanganyar,ID,-6.7072,111.0834,72.32,93,100,4.14,overcast clouds
380,Faya,SA,18.3851,42.4509,68.11,27,32,7.72,scattered clouds
381,Kamenka,RU,51.3223,42.7678,51.39,76,100,15.03,overcast clouds
382,Qui Nhon,VN,13.7667,109.2333,75.0,90,54,8.77,broken clouds
383,Namatanai,PG,-3.6667,152.4333,78.04,87,100,6.42,moderate rain
384,Ascension,US,30.2169,-90.9001,76.08,38,0,3.44,clear sky
385,Piacabucu,BR,-10.4056,-36.4344,82.15,71,100,9.46,light rain
386,Yuxia,CN,34.0615,108.6291,47.01,41,3,3.8,clear sky
387,Tempio Pausania,IT,40.8974,9.1035,43.72,61,50,19.35,scattered clouds
388,Sijunjung,ID,-0.6876,100.9537,70.27,77,23,2.42,few clouds
389,Luquillo,PR,18.3725,-65.7166,86.76,65,0,12.66,clear sky
390,Berdigestyakh,RU,62.0989,126.6992,23.49,97,100,4.52,overcast clouds
391,Evensk,RU,61.95,159.2333,13.55,83,100,10.89,overcast clouds
392,Novobirilyussy,RU,56.9514,90.6661,32.59,100,100,3.27,snow
393,Zhezkazgan,KZ,47.8043,67.7144,40.15,79,0,6.87,clear sky
394,Santa Fe,AR,-31.6333,-60.7,72.01,38,0,5.99,clear sky
395,Yerbogachen,RU,61.2767,108.0108,16.07,95,79,7.81,broken clouds
396,Outlook,CA,51.5001,-107.0513,39.24,52,84,17.9,broken clouds
397,Hauterive,FR,46.0901,3.4459,36.36,97,94,9.31,light snow
398,Sooke,CA,48.3746,-123.7276,49.08,81,93,5.75,overcast clouds
399,Mount Isa,AU,-20.7333,139.5,73.17,27,8,10.36,light rain
400,Syracuse,IT,37.0881,15.2792,58.37,68,0,14.5,clear sky
401,Dhanera,IN,24.5167,72.0167,82.29,15,0,6.69,clear sky
402,Anloga,GH,5.7947,0.8973,83.25,82,100,12.84,light rain
403,Garissa,KE,-0.4536,39.6401,82.58,64,71,12.68,light rain
404,Angoram,PG,-4.0625,144.0661,72.72,97,100,2.08,overcast clouds
405,Matara,LK,5.9485,80.5353,78.01,85,77,3.2,broken clouds
406,Chulucanas,PE,-5.0925,-80.1625,84.15,57,100,2.89,overcast clouds
407,San Matias,BO,-16.3667,-58.4,69.35,62,90,5.82,overcast clouds
408,Vytegra,RU,61.0064,36.4481,14.68,97,32,3.44,scattered clouds
409,Beisfjord,NO,68.3751,17.5988,28.45,95,100,8.3,light snow
410,Atasu,KZ,48.6814,71.6433,28.67,97,97,4.34,overcast clouds
411,Adre,TD,13.4667,22.2,84.56,9,7,8.9,clear sky
412,Abu Dhabi,AE,24.4667,54.3667,77.02,67,0,3.0,clear sky
413,Hualmay,PE,-11.0964,-77.6139,74.37,72,59,10.25,broken clouds
414,Medicine Hat,CA,50.0501,-110.6683,47.21,36,75,14.97,broken clouds
415,Sidhauli,IN,27.2833,80.8333,79.74,9,0,6.17,clear sky
416,Ahipara,NZ,-35.1667,173.1667,61.0,90,3,4.56,clear sky
417,Aswan,EG,24.0934,32.907,94.3,12,0,4.61,clear sky
418,Sao Jose Da Coroa Grande,BR,-8.8978,-35.1478,82.06,71,100,8.46,overcast clouds
419,Komsomolskiy,UZ,40.4272,71.7189,56.12,50,5,6.91,clear sky
420,Vikesa,NO,58.6376,6.0913,38.17,77,9,2.13,clear sky
421,Gizo,SB,-8.103,156.8419,80.55,81,100,9.55,light rain
422,Erzin,TR,36.9559,36.2,64.4,50,78,8.68,broken clouds
423,Cap-Aux-Meules,CA,47.3821,-61.8597,39.25,100,100,14.97,fog
424,Saint-Paul,RE,-21.0096,55.2707,73.51,88,100,4.09,moderate rain
425,Catuday,PH,16.2923,119.8062,78.94,71,97,8.48,overcast clouds
426,Chiang Khong,TH,20.2613,100.4046,69.08,94,65,3.51,broken clouds
427,East Bethel,US,45.3194,-93.2025,47.03,49,90,7.0,overcast clouds
428,Baculin,PH,7.4525,126.5842,76.96,85,45,9.6,scattered clouds
429,Yarada,IN,17.65,83.2667,84.52,79,40,9.22,mist
430,Vila Franca Do Campo,PT,37.7167,-25.4333,61.21,90,100,19.44,overcast clouds
431,Maldonado,UY,-34.6667,-54.9167,65.59,61,89,8.9,overcast clouds
432,Hue,VN,16.4667,107.6,71.71,83,100,16.11,overcast clouds
433,Port Blair,IN,11.6667,92.75,78.84,94,20,2.3,mist
434,Riachao Das Neves,BR,-11.7461,-44.91,89.69,37,87,4.21,overcast clouds
435,Ola,RU,59.5833,151.2833,0.14,83,99,7.99,overcast clouds
436,Hobyo,SO,5.3505,48.5268,82.11,73,4,14.7,clear sky
437,Shalakusha,RU,62.2247,40.2539,5.4,97,17,1.41,few clouds
438,Shaunavon,CA,49.6501,-108.4181,40.78,40,37,18.72,scattered clouds
439,Chanute,US,37.6792,-95.4572,57.31,44,0,9.22,clear sky
440,Acari,PE,-15.4311,-74.6158,79.84,53,56,10.89,broken clouds
441,Khasan,RU,42.4308,130.6434,36.48,53,9,5.21,clear sky
442,Mikhaylovka,RU,50.06,43.2379,58.78,61,100,16.64,overcast clouds
443,Sangar,RU,63.9242,127.4739,15.85,91,100,16.53,light snow
444,Corn Island,NI,12.1694,-83.0418,81.46,71,60,13.82,broken clouds
445,Ambon,ID,-3.6954,128.1814,77.14,94,40,4.61,scattered clouds
446,Makakilo City,US,21.3469,-158.0858,75.29,68,40,12.66,scattered clouds
447,Yilan,TW,24.757,121.753,64.02,86,100,4.59,overcast clouds
448,Chino Valley,US,34.7575,-112.4538,69.76,28,6,1.99,clear sky
449,Ovsyanka,RU,55.9575,92.5519,38.37,94,100,4.14,overcast clouds
450,Nemuro,JP,43.3236,145.575,28.27,86,100,7.25,overcast clouds
451,Nchelenge,ZM,-9.3451,28.734,71.11,85,98,3.67,overcast clouds
452,Dabakala,CI,8.3667,-4.4333,84.52,57,73,4.88,light rain
453,San Ramon De La Nueva Oran,AR,-23.1322,-64.326,79.43,25,0,4.34,clear sky
454,Beringovskiy,RU,63.05,179.3167,26.06,97,100,8.86,light snow
455,Aklavik,CA,68.2191,-135.0107,-14.8,70,0,4.61,clear sky
456,Inuvik,CA,68.3499,-133.7218,-15.74,69,0,2.3,clear sky
457,Jumla,NP,29.2747,82.1838,50.36,52,0,3.74,clear sky
458,Fairbanks,US,64.8378,-147.7164,17.82,33,3,1.99,clear sky
459,Juneau,US,58.3019,-134.4197,41.85,95,100,6.91,light rain
460,Linxia,CN,35.6003,103.2064,38.86,40,0,1.41,clear sky
461,La Ronge,CA,55.1001,-105.2842,25.02,74,100,21.85,overcast clouds
462,Manicore,BR,-5.8092,-61.3003,83.89,80,41,2.89,moderate rain
463,Lazaro Cardenas,MX,17.9583,-102.2,80.73,55,16,9.24,few clouds
464,Minsk,BY,53.9,27.5667,31.75,91,100,17.92,light snow
465,Santana Do Mundau,BR,-9.1681,-36.2222,77.86,84,100,8.66,overcast clouds
466,Adrar,MR,20.5022,-10.0711,81.84,9,0,6.33,clear sky
467,Newton,US,42.337,-71.2092,58.1,60,75,13.8,broken clouds
468,Magole,TZ,-6.3667,37.3667,69.58,94,96,1.81,light rain
469,Padang,ID,-0.9492,100.3543,75.25,69,0,3.91,clear sky
470,Puri,IN,19.8,85.85,81.12,88,4,25.37,clear sky
471,Ovre Ardal,NO,61.3167,7.8,27.48,89,29,4.27,scattered clouds
472,Mayor Pablo Lagerenza,PY,-19.9309,-60.7718,74.64,25,91,8.63,overcast clouds
473,Aleksandrov Gay,RU,50.147,48.5704,55.11,47,100,21.25,overcast clouds
474,Tecoanapa,MX,16.5167,-98.75,82.0,52,8,11.1,clear sky
475,Ketchikan,US,55.3422,-131.6461,39.67,87,100,8.05,moderate rain
476,Djambala,CG,-2.5447,14.7533,70.52,90,100,4.79,overcast clouds
477,Muisne,EC,0.6,-80.0333,81.81,72,29,8.16,scattered clouds
478,Leca Da Palmeira,PT,41.191,-8.7003,57.15,43,0,17.27,clear sky
479,Maniitsoq,GL,65.4167,-52.9,33.08,86,100,7.2,overcast clouds
480,Cuyamel,HN,15.6667,-88.2,96.96,60,21,6.04,few clouds
481,Dawlatabad,AF,36.4141,64.9053,63.19,30,0,3.76,clear sky
482,Andenes,NO,69.3143,16.1194,30.18,86,100,21.85,heavy snow
483,Biak,ID,-0.9131,122.8766,76.05,79,44,3.69,scattered clouds
484,Sibolga,ID,1.7427,98.7792,76.69,85,99,2.95,overcast clouds
485,Tautira,PF,-17.7333,-149.15,80.53,81,32,11.99,light rain
486,Winnemucca,US,40.973,-117.7357,51.85,32,0,5.75,clear sky
487,Lefka,CY,35.1106,32.8506,59.07,47,49,6.38,scattered clouds
488,Kharp,RU,66.8014,65.8081,4.57,99,70,5.35,broken clouds
489,Yumen,CN,40.2833,97.2,40.6,18,0,6.22,clear sky
490,San Ramon,US,37.7799,-121.978,71.74,48,0,5.75,clear sky
491,Saint-Pierre,RE,-21.3393,55.4781,73.08,92,75,5.75,light rain
492,Mackay,AU,-21.15,149.2,73.69,88,40,3.44,scattered clouds
493,Huanren,CN,41.2647,125.3667,33.33,47,82,1.54,broken clouds
494,Zyryanka,RU,65.75,150.85,-12.98,100,100,6.35,overcast clouds
495,Podgornoye,RU,51.735,39.1496,41.22,100,100,6.71,fog
496,Talnakh,RU,69.4865,88.3972,13.21,95,100,8.08,light snow
497,Ballina,AU,-28.8667,153.5667,67.96,86,75,4.61,broken clouds
498,Kovernino,RU,57.1253,43.8142,29.08,90,100,7.58,overcast clouds
499,Puerto Parra,CO,6.6515,-74.0573,87.96,52,88,2.17,overcast clouds
500,Macheng,CN,31.1783,115.0319,49.24,67,100,3.2,overcast clouds
501,Arkadak,RU,51.9326,43.4978,46.99,85,100,12.01,overcast clouds
502,Oriximina,BR,-1.7656,-55.8661,82.24,83,64,3.27,broken clouds
503,Kupang,ID,-10.1667,123.5833,75.85,87,33,5.19,scattered clouds
504,Marawi,PH,7.9986,124.2928,68.76,96,66,1.63,broken clouds
505,Indergarh,IN,26.9352,79.6724,80.64,9,0,6.22,clear sky
506,Dinghai,CN,26.2847,119.7936,50.92,70,100,16.2,overcast clouds
507,Calama,CL,-22.4667,-68.9333,73.44,11,0,16.51,clear sky
508,Naron,ES,43.5167,-8.1528,50.67,67,79,9.91,broken clouds
509,Tilichiki,RU,60.4667,166.1,2.84,94,59,11.01,broken clouds
510,Marovoay,MG,-16.1,46.6333,75.15,83,64,4.72,broken clouds
511,Wichita Falls,US,33.9137,-98.4934,75.25,28,0,21.85,clear sky
512,Hindaun,IN,26.7167,77.0167,79.63,9,0,3.36,clear sky
513,Ewa Beach,US,21.3156,-158.0072,76.69,67,40,12.66,scattered clouds
514,Mwinilunga,ZM,-11.7358,24.4293,62.08,97,28,3.49,light rain
515,Mangrol,IN,21.1167,70.1167,77.65,78,6,7.92,clear sky
516,Lorengau,PG,-2.0226,147.2712,80.38,83,100,11.45,overcast clouds
517,Yeniseysk,RU,58.4497,92.1703,24.6,99,100,2.15,overcast clouds
518,Vardo,NO,70.3705,31.1107,22.98,80,100,23.02,overcast clouds
519,Harper,LR,4.375,-7.7169,80.94,85,90,7.61,light rain
520,Port Arthur,CN,38.8,121.2667,41.22,54,100,4.05,overcast clouds
521,Nhulunbuy,AU,-12.2333,136.7667,77.61,88,11,0.0,few clouds
522,Trairi,BR,-3.2778,-39.2689,77.45,88,100,4.23,overcast clouds
523,Pimentel,PE,-6.8367,-79.9342,80.89,57,0,14.97,clear sky
524,Sokoni,TZ,-6.4333,39.55,82.26,74,56,10.16,broken clouds
525,Shimoda,JP,34.6667,138.95,45.88,59,97,6.11,overcast clouds
526,Finspang,SE,58.7058,15.7674,27.93,79,53,3.53,broken clouds
527,Kommunar,RU,59.6206,30.39,29.35,91,66,2.91,broken clouds
528,Khorinsk,RU,52.1657,109.7726,26.53,81,49,1.28,scattered clouds
529,Sigli,ID,5.3848,95.9609,79.56,83,100,5.03,overcast clouds
530,Mareeba,AU,-17.0,145.4333,70.45,93,96,2.13,overcast clouds
531,Coahuayana,MX,18.7333,-103.6833,85.24,42,100,7.96,overcast clouds
532,Biltine,TD,14.5333,20.9167,88.84,8,5,9.17,clear sky
533,Talcahuano,CL,-36.7167,-73.1167,61.95,72,2,15.17,clear sky
534,Pishin,PK,30.5803,66.9961,63.19,12,0,3.38,clear sky
535,Hit,IQ,33.6416,42.8251,75.13,17,0,6.44,clear sky
536,Mindelo,CV,16.8901,-24.9804,74.75,60,20,19.57,few clouds
537,Pahrump,US,36.2083,-115.9839,73.44,17,0,5.01,clear sky
538,Tigil,RU,57.8,158.6667,14.59,96,100,3.67,light snow
539,Pinsk,BY,52.1229,26.0951,32.92,99,100,15.52,light snow
540,The Valley,AI,18.217,-63.0578,82.54,61,20,19.57,few clouds
541,Pochutla,MX,15.7432,-96.4661,89.82,31,4,9.82,clear sky
542,Jiwani,PK,25.05,61.7417,78.91,63,0,7.49,clear sky
543,Sorong,ID,-0.8833,131.25,77.72,89,100,7.31,overcast clouds
544,Necochea,AR,-38.5473,-58.7368,67.87,39,100,9.48,overcast clouds
545,Vestmannaeyjar,IS,63.4427,-20.2734,45.59,76,40,4.61,scattered clouds
546,Lewiston,US,44.1003,-70.2148,51.39,90,100,4.61,moderate rain
547,Celestun,MX,20.8667,-90.4,85.21,68,17,12.53,few clouds
548,Mapiri,BO,-15.25,-68.1667,63.28,98,100,1.61,overcast clouds
549,Midland,US,31.9974,-102.0779,77.05,33,0,20.71,clear sky
550,Limbang,MY,4.75,115.0,77.11,96,19,2.21,few clouds
551,Vostok,RU,46.4856,135.8833,9.32,92,9,6.17,clear sky
552,La Peca,PE,-5.6111,-78.435,69.76,87,100,0.81,overcast clouds
553,Kismayo,SO,-0.3582,42.5454,81.05,77,6,9.46,clear sky
554,Kenai,US,60.5544,-151.2583,42.03,69,20,16.11,few clouds
555,Verkhoyansk,RU,67.5447,133.385,-15.47,100,61,0.67,broken clouds
556,Kjollefjord,NO,70.9457,27.3465,30.25,89,100,14.43,snow
557,Kimbe,PG,-5.5502,150.1429,74.59,91,100,3.06,overcast clouds
558,Honiara,SB,-9.4333,159.95,74.53,92,100,3.83,overcast clouds
559,Laguna,US,38.421,-121.4238,71.78,53,0,5.75,clear sky
560,Vaitape,PF,-16.5167,-151.75,81.84,73,98,5.39,light rain
561,Filingue,NE,14.3521,3.3168,90.32,6,100,4.16,overcast clouds
562,Pundaguitan,PH,6.3711,126.1689,81.0,76,35,7.27,scattered clouds
563,Antofagasta,CL,-23.65,-70.4,72.21,49,2,7.4,clear sky
564,Orotukan,RU,62.2667,151.7,-4.58,100,100,1.7,overcast clouds
565,Benjamin Aceval,PY,-24.9667,-57.5667,73.6,28,2,8.3,clear sky
566,Quatre Cocos,MU,-20.2078,57.7625,77.11,93,100,18.77,moderate rain
567,Nalut,LY,30.3333,10.85,69.13,14,3,9.22,clear sky
568,Morant Bay,JM,17.8815,-76.4093,88.72,66,4,14.34,clear sky
569,Belyy Yar,RU,53.6039,91.3903,37.29,62,0,2.24,clear sky
570,Sao Gabriel Da Cachoeira,BR,-0.1303,-67.0892,93.96,38,72,3.96,broken clouds
571,Melilla,ES,35.2937,-2.9383,62.8,67,20,8.05,few clouds
572,Hamilton,US,39.1834,-84.5333,44.64,61,100,13.8,overcast clouds
573,Brae,GB,60.3964,-1.353,38.37,68,29,8.48,scattered clouds
574,Eureka,US,40.8021,-124.1637,57.2,77,58,7.0,broken clouds
575,Palafrugell,ES,41.9174,3.1631,45.77,28,4,5.01,clear sky
576,Burgeo,CA,47.6167,-57.6152,33.62,98,100,25.84,snow
577,Port-Gentil,GA,-0.7193,8.7815,79.83,85,100,14.58,moderate rain
578,Xichang,CN,27.8964,102.2634,43.79,94,100,3.31,overcast clouds
579,Egvekinot,RU,66.3167,-179.1667,5.97,87,100,11.36,overcast clouds
580,Esperance,AU,-33.8667,121.9,62.44,71,23,15.32,few clouds
581,Yelets,RU,52.6237,38.5017,34.65,100,100,11.5,light snow
582,Okitipupa,NG,6.5047,4.7839,81.91,78,100,5.93,overcast clouds
583,Kaplice,CZ,48.7385,14.4963,34.79,97,100,7.27,light snow
584,Lovington,US,32.944,-103.3485,74.03,19,94,5.99,overcast clouds
585,Ijsselstein,NL,52.0167,5.0333,39.99,68,100,5.01,overcast clouds
586,Mascote,BR,-15.5631,-39.3025,86.34,54,1,7.45,clear sky
587,Masjid Tanah,MY,2.3455,102.1107,78.69,88,20,2.3,few clouds
588,Nanakuli,US,21.3906,-158.1547,76.71,68,40,0.0,scattered clouds
589,Usogorsk,RU,63.4106,48.6872,13.78,96,17,4.99,few clouds
590,Gamba,GA,-2.65,10.0,76.8,91,100,8.34,light rain
591,Papetoai,PF,-17.4961,-149.8729,83.79,75,97,6.51,light rain
592,Moron,AR,-34.6534,-58.6198,70.95,49,0,5.53,clear sky
593,Acapulco,MX,16.8634,-99.8901,85.82,54,0,8.05,clear sky
594,Nantucket,US,41.2835,-70.0995,59.11,71,100,18.41,overcast clouds
595,Manakara,MG,-22.1333,48.0167,71.69,80,0,1.92,clear sky
596,Le Port,RE,-20.9373,55.2919,73.4,89,100,6.08,moderate rain
597,Bridlington,GB,54.0831,-0.1919,41.02,78,17,5.01,few clouds
598,Nabire,ID,-3.3667,135.4833,75.42,81,100,4.45,overcast clouds
599,Gigmoto,PH,13.7796,124.39,78.37,78,100,12.53,overcast clouds
600,Sangmelima,CM,2.9333,11.9833,69.37,97,100,4.68,moderate rain
601,Kushiro,JP,42.975,144.3747,21.45,86,20,7.67,few clouds
602,Nowy Tomysl,PL,52.3195,16.1284,40.86,42,100,17.0,overcast clouds
603,Hambantota,LK,6.1241,81.1185,77.34,100,40,3.44,scattered clouds
604,Kahului,US,20.8947,-156.47,76.84,75,20,18.41,few clouds
605,Micheweni,TZ,-4.9667,39.8333,81.52,77,98,7.05,overcast clouds
606,Zhigansk,RU,66.7697,123.3711,19.51,95,100,17.85,light snow
607,Urumqi,CN,43.801,87.6005,43.75,53,0,6.71,clear sky
608,Valparaiso,CL,-33.0393,-71.6273,58.64,72,40,13.8,haze
609,Alice Springs,AU,-23.7,133.8833,51.35,50,100,2.3,overcast clouds
610,Jambi,ID,-1.6,103.6167,74.61,90,79,1.16,broken clouds
611,Madhubani,IN,26.3667,86.0833,79.88,65,0,11.14,clear sky
612,Benemerito De Las Americas,MX,16.5167,-90.6439,98.04,36,0,3.96,clear sky
613,Scarborough,GB,54.2797,-0.4044,40.66,84,18,3.0,few clouds
614,Las Palmas,ES,28.4204,-14.0131,63.39,72,20,17.27,few clouds
615,Sinnamary,GF,5.3833,-52.95,78.03,89,100,9.89,light rain
616,Tsubame,JP,37.65,138.9333,35.85,81,77,1.03,broken clouds
617,Qianjiang,CN,30.4151,112.8859,50.81,63,100,2.35,overcast clouds
618,Shingu,JP,33.7333,135.9833,38.7,70,70,5.19,broken clouds
619,Someshwar,IN,13.5,75.0667,76.78,91,26,1.19,scattered clouds
620,Caldwell,US,43.6629,-116.6874,53.35,41,0,4.61,clear sky
621,Ocho Rios,JM,18.4025,-77.1048,83.8,60,19,17.6,few clouds
622,Boende,CD,-0.2167,20.8667,77.58,72,100,4.03,light rain
623,Osoyoos,CA,49.0331,-119.4524,55.04,45,55,2.3,broken clouds
624,Poronaysk,RU,49.2167,143.1167,11.32,90,97,4.0,overcast clouds
625,Athabasca,CA,54.7169,-113.2854,34.21,63,100,3.98,overcast clouds
626,Cururupu,BR,-1.8283,-44.8683,74.21,98,100,2.73,overcast clouds
627,Monrovia,LR,6.3005,-10.7969,83.97,83,99,6.64,light rain
628,Sault Sainte Marie,CA,46.5168,-84.3333,28.69,66,100,14.97,overcast clouds
629,Olafsvik,IS,64.8945,-23.7142,41.61,91,100,9.82,overcast clouds
630,Morsbach,DE,50.8667,7.75,32.67,87,100,10.25,light snow
631,Rochester,US,43.1548,-77.6156,40.17,80,100,19.57,overcast clouds
632,San Jose,US,37.3394,-121.895,72.54,50,0,3.44,clear sky
633,Leh,IN,34.1667,77.5833,26.29,47,0,5.23,clear sky
634,Jiazi,CN,22.8779,116.067,60.22,78,100,10.98,overcast clouds
635,Invermere,CA,50.5167,-116.0354,42.46,55,32,2.24,scattered clouds
636,Firminopolis,BR,-16.5819,-50.305,82.42,58,14,5.75,few clouds
637,Ruteng,ID,-8.6136,120.4721,61.79,92,58,1.48,broken clouds
638,Deming,US,32.2687,-107.7586,71.49,17,0,13.8,clear sky
639,Indramayu,ID,-6.3264,108.32,77.14,85,98,5.46,overcast clouds
640,Zaraza,VE,9.3503,-65.3245,99.0,28,71,7.45,broken clouds
641,Souillac,MU,-20.5167,57.5167,77.38,94,75,12.66,moderate rain
642,Monforte De Lemos,ES,42.5216,-7.5142,42.57,66,6,6.91,clear sky
643,Krasnoborsk,RU,61.5598,45.934,7.03,96,12,3.42,few clouds
644,Arequipa,PE,-16.3989,-71.535,68.07,27,20,9.22,few clouds
645,Mbengwi,CM,6.0167,10.0,71.46,66,38,7.54,scattered clouds
646,Mitsamiouli,KM,-11.3847,43.2844,81.46,73,3,2.01,clear sky
647,Soto,AR,-32.8107,-61.4026,70.03,30,0,10.16,clear sky
648,San Juan Del Parana,PY,-27.3,-55.9667,75.25,38,0,8.05,clear sky
649,Srednekolymsk,RU,67.45,153.6833,-24.27,100,100,3.74,overcast clouds
650,Santa Marta,CO,11.2408,-74.199,91.45,55,75,5.75,broken clouds
651,Kidal,ML,18.4411,1.4078,92.89,3,100,8.77,overcast clouds
652,Pitangueiras,BR,-21.0094,-48.2217,77.52,55,8,3.2,clear sky
653,Santander Jimenez,MX,24.2167,-98.4667,84.4,51,52,10.33,broken clouds
654,Sept-Iles,CA,50.2001,-66.3821,33.06,95,100,21.85,mist
655,Fukue,JP,32.6881,128.8419,52.02,60,100,19.55,overcast clouds
656,Kargasok,RU,59.0556,80.8572,26.8,98,100,4.9,snow
657,Pinheiro Machado,BR,-31.5783,-53.3811,65.14,42,21,7.38,few clouds
658,Taunggyi,MM,20.7833,97.0333,64.96,37,6,2.89,clear sky
659,Albury,AU,-36.0833,146.9167,60.85,73,100,10.36,overcast clouds
660,Luwuk,ID,-0.9516,122.7875,77.09,79,50,2.89,scattered clouds
661,Lahuachaca,BO,-17.3667,-67.6667,55.11,53,60,11.36,broken clouds
662,Hun,LY,29.1268,15.9477,76.01,11,52,6.73,broken clouds
663,Tiznit,MA,29.5833,-9.5,61.48,65,0,5.01,clear sky
664,Acambay,MX,19.9558,-99.8417,79.84,10,94,10.04,overcast clouds
665,Beloha,MG,-25.1667,45.05,73.15,79,0,7.92,clear sky
666,Sechelt,CA,49.4664,-123.7694,48.15,72,100,10.58,overcast clouds
667,San Juan,AR,-31.5375,-68.5364,77.7,13,0,8.08,clear sky
668,Havre-Saint-Pierre,CA,50.2334,-63.5986,32.36,100,100,17.27,overcast clouds
669,Idah,NG,7.1065,6.7342,89.17,52,99,12.48,overcast clouds
670,Constitucion,CL,-35.3333,-72.4167,67.19,53,7,16.42,clear sky
671,Grootfontein,NA,-19.5667,18.1167,68.67,72,47,1.32,light rain
672,Horsham,GB,51.064,-0.3272,43.66,63,20,11.5,few clouds
673,Severnoye,RU,56.3491,78.3619,33.26,93,100,15.75,overcast clouds
674,Pocatello,US,42.8713,-112.4455,49.01,39,20,18.41,few clouds
675,Dunedin,NZ,-45.8742,170.5036,48.79,88,12,1.01,few clouds
676,Wanaka,NZ,-44.7,169.15,49.28,84,87,2.62,overcast clouds
677,Westport,US,41.1415,-73.3579,57.31,64,100,11.01,overcast clouds
678,Uyuni,BO,-20.4597,-66.825,61.92,23,1,14.81,clear sky
679,Parakou,BJ,9.3372,2.6303,94.51,24,100,5.46,overcast clouds
680,Talavera De La Reina,ES,39.9635,-4.8308,45.66,45,92,4.38,overcast clouds
681,Adilcevaz,TR,38.8039,42.7342,36.59,66,13,2.68,few clouds
682,Bom Jesus,BR,-9.0744,-44.3586,90.18,40,100,6.69,light rain
683,Staryy Nadym,RU,65.6118,72.6842,13.1,92,100,9.55,overcast clouds
684,Maputo,MZ,-25.9653,32.5892,79.23,88,0,11.99,clear sky
685,Canberra,AU,-35.2835,149.1281,53.28,74,100,17.27,overcast clouds
686,Burnie,AU,-41.0667,145.9167,48.92,76,92,4.54,overcast clouds
